product_name,category,storage,color,product_id
AirPods (3rd Gen),AirPods,Unknown,Starlight,1
USB-C Woven Charge Cable,Accessories,Unknown,Black,2
Apple Watch Series 8,Apple Watch,Unknown,Titanium,3
MacBook Pro 14-inch (M3),Mac,1 TB SSD,Starlight,4
Apple Watch Ultra 2,Apple Watch,Unknown,Midnight,5
Magic Keyboard,Accessories,Unknown,Silver,6
iPhone 15 Pro Max,iPhone,64 GB,Black,7
Apple TV 4K (3rd Gen),Accessories,Unknown,White,8
iPad Mini (6th Gen),iPad,128 GB,Starlight,9
iPad (10th Generation),iPad,128 GB,Silver,10
iPad Pro 12.9-inch (M2),iPad,256 GB,Space Gray,11
iPhone 15 Pro,iPhone,1 TB,Midnight,12
iPhone 15 Plus,iPhone,64 GB,Black Titanium,13
iPhone 13 Pro,iPhone,256 GB,Starlight,14
USB-C Woven Charge Cable,Accessories,Unknown,Space Gray,15
MacBook Air 13-inch (M2),Mac,2 TB SSD,Silver,16
iPad Pro 11-inch (M2),iPad,1 TB,Space Gray,17
Apple Pencil (2nd Gen),Accessories,Unknown,Silver,18
iPad Air (M1),iPad,1 TB,Blue,19
iPhone SE (3rd Gen),iPhone,512 GB,Blue Titanium,20
iPad Pro 11-inch (M2),iPad,128 GB,Purple,21
iPad (10th Generation),iPad,256 GB,Starlight,22
Magic Mouse,Accessories,Unknown,Silver,23
AirPods (3rd Gen),AirPods,Unknown,Sky,24
Magic Keyboard,Accessories,Unknown,White,25
AirPods Pro (2nd Gen),AirPods,Unknown,Midnight,26
iPhone 14,iPhone,64 GB,Black,27
USB-C Woven Charge Cable,Accessories,Unknown,Silver,28
iPhone 13 Mini,iPhone,1 TB,Starlight,29
AirPods Pro (2nd Gen),AirPods,Unknown,White,30
iPhone 15,iPhone,256 GB,Silver,31
MacBook Air 15-inch (M2),Mac,1 TB SSD,Space Gray,32
MagSafe Charger,Accessories,Unknown,White,33
iPad Air (M1),iPad,256 GB,Space Gray,34
iPhone 15 Pro Max,iPhone,128 GB,Silver,35
iPhone 13 Mini,iPhone,1 TB,Black Titanium,36
iPhone 15 Pro,iPhone,1 TB,Starlight,37
Apple TV 4K (3rd Gen),Accessories,Unknown,Silver,38
iPhone 13,iPhone,64 GB,Black,39
iPhone 14 Plus,iPhone,128 GB,Product Red,40
iPhone 15 Pro,iPhone,64 GB,Deep Purple,41
Mac mini (M2),Mac,2 TB SSD,Silver,42
Apple Watch SE (2nd Gen),Apple Watch,Unknown,Silver,43
Apple TV 4K (3rd Gen),Accessories,Unknown,Space Gray,44
Apple Pencil (1st Gen),Accessories,Unknown,Space Gray,45
AirPods (2nd Gen),AirPods,Unknown,Starlight,46
MacBook Air 13-inch (M2),Mac,512 GB SSD,Gold,47
Magic Trackpad,Accessories,Unknown,Silver,48
MacBook Air 13-inch (M2),Mac,512 GB SSD,Silver,49
iPhone 13 Pro Max,iPhone,256 GB,Black Titanium,50
iPhone 13,iPhone,128 GB,Yellow,51
iPad (10th Generation),iPad,2 TB,Gold,52
MacBook Pro 16-inch (M3 Pro),Mac,512 GB SSD,Midnight,53
iPhone 13 Pro Max,iPhone,64 GB,Blue Titanium,54
MacBook Pro 16-inch (M3 Pro),Mac,1 TB SSD,Gold,55
MacBook Pro 14-inch (M3),Mac,512 GB SSD,Space Gray,56
iPhone 15 Pro Max,iPhone,64 GB,Product Red,57
Apple Watch SE (2nd Gen),Apple Watch,Unknown,Natural,58
iPad Air (M1),iPad,64 GB,Space Gray,59
iPad (10th Generation),iPad,64 GB,Silver,60
AirPods Max,AirPods,Unknown,Midnight,61
iPad Pro 11-inch (M2),iPad,512 GB,Space Gray,62
Mac mini (M2),Mac,256 GB SSD,Midnight,63
Apple Pencil (1st Gen),Accessories,Unknown,Black,64
HomePod mini,Accessories,Unknown,Black,65
iPhone 14 Pro Max,iPhone,1 TB,Starlight,66
Apple Watch Ultra 2,Apple Watch,Unknown,Silver,67
Magic Keyboard,Accessories,Unknown,Black,68
iPhone 15 Pro Max,iPhone,256 GB,Black,69
iPhone 14,iPhone,64 GB,Natural Titanium,70
iPhone 14,iPhone,1 TB,Midnight,71
MacBook Pro 16-inch (M3 Pro),Mac,2 TB SSD,Starlight,72
Apple Watch Series 9,Apple Watch,Unknown,Silver,73
iPhone 14 Pro Max,iPhone,128 GB,Silver,74
Magic Trackpad,Accessories,Unknown,Black,75
Apple Pencil (1st Gen),Accessories,Unknown,Silver,76
MagSafe Charger,Accessories,Unknown,Black,77
MagSafe Charger,Accessories,Unknown,Space Gray,78
iPhone 15 Pro Max,iPhone,512 GB,Starlight,79
AirPods (3rd Gen),AirPods,Unknown,White,80
iPhone 15 Plus,iPhone,512 GB,Black Titanium,81
Apple TV 4K (3rd Gen),Accessories,Unknown,Black,82
Mac Pro (M2 Ultra),Mac,512 GB SSD,Silver,83
iPhone 15 Pro Max,iPhone,1 TB,Yellow,84
iPad (10th Generation),iPad,64 GB,Space Gray,85
iPad Pro 12.9-inch (M2),iPad,128 GB,Gold,86
HomePod mini,Accessories,Unknown,Space Gray,87
Apple Watch Series 8,Apple Watch,Unknown,Natural,88
iPad Air (M1),iPad,128 GB,Silver,89
Apple Watch Ultra 2,Apple Watch,Unknown,Natural,90
Apple Watch Series 8,Apple Watch,Unknown,Starlight,91
iPad Air (M1),iPad,128 GB,Space Gray,92
Mac Pro (M2 Ultra),Mac,512 GB SSD,Starlight,93
iPhone 14 Pro,iPhone,1 TB,Blue Titanium,94
iPad Air (M1),iPad,256 GB,Purple,95
Apple Watch Series 9,Apple Watch,Unknown,Starlight,96
iPhone 15 Plus,iPhone,256 GB,Green,97
Mac Pro (M2 Ultra),Mac,1 TB SSD,Midnight,98
HomePod (2nd Gen),Accessories,Unknown,White,99
iPad Mini (6th Gen),iPad,64 GB,Starlight,100
Apple Pencil (2nd Gen),Accessories,Unknown,White,101
AirPods (2nd Gen),AirPods,Unknown,Midnight,102
iPhone 13 Mini,iPhone,512 GB,Natural Titanium,103
iPad Pro 12.9-inch (M2),iPad,128 GB,Silver,104
iPhone 14 Pro,iPhone,1 TB,Silver,105
iPhone 15 Pro Max,iPhone,64 GB,White Titanium,106
iPhone 13 Mini,iPhone,1 TB,Yellow,107
MacBook Pro 16-inch (M3 Pro),Mac,256 GB SSD,Starlight,108
iPad Pro 11-inch (M2),iPad,64 GB,Blue,109
iPad Mini (6th Gen),iPad,2 TB,Blue,110
iPhone 13 Pro Max,iPhone,1 TB,Midnight,111
iPhone 14 Pro,iPhone,64 GB,Natural Titanium,112
Apple Watch Ultra 2,Apple Watch,Unknown,Product Red,113
MacBook Pro 14-inch (M3),Mac,1 TB SSD,Space Gray,114
iPhone 13 Mini,iPhone,256 GB,Green,115
Magic Mouse,Accessories,Unknown,Space Gray,116
AirPods Pro (2nd Gen),AirPods,Unknown,Sky,117
iPhone 15 Pro,iPhone,1 TB,Black Titanium,118
MacBook Air 13-inch (M2),Mac,2 TB SSD,Starlight,119
MacBook Pro 16-inch (M3 Pro),Mac,1 TB SSD,Midnight,120
MacBook Air 15-inch (M2),Mac,512 GB SSD,Midnight,121
Magic Trackpad,Accessories,Unknown,White,122
Apple Watch Ultra 2,Apple Watch,Unknown,Starlight,123
MacBook Air 13-inch (M2),Mac,2 TB SSD,Midnight,124
iPad Mini (6th Gen),iPad,1 TB,Silver,125
iPhone 15 Pro,iPhone,64 GB,Starlight,126
iPhone 13 Pro Max,iPhone,128 GB,Natural Titanium,127
iPad Air (M1),iPad,2 TB,Gold,128
Apple Watch Series 9,Apple Watch,Unknown,Product Red,129
HomePod (2nd Gen),Accessories,Unknown,Silver,130
Magic Mouse,Accessories,Unknown,Black,131
iPad Air (M1),iPad,64 GB,Silver,132
iPhone 15 Pro,iPhone,64 GB,Black,133
Apple Watch Series 8,Apple Watch,Unknown,Black Titanium,134
Apple Watch SE (2nd Gen),Apple Watch,Unknown,Yellow,135
Apple Watch SE (2nd Gen),Apple Watch,Unknown,Black Titanium,136
iPad Pro 12.9-inch (M2),iPad,2 TB,Silver,137
iPhone 13 Mini,iPhone,64 GB,Product Red,138
Mac mini (M2),Mac,2 TB SSD,Gold,139
iPhone 14 Plus,iPhone,64 GB,Green,140
iPhone 13,iPhone,1 TB,Yellow,141
iPad Pro 11-inch (M2),iPad,1 TB,Purple,142
iPhone 14 Plus,iPhone,1 TB,Green,143
AirPods (2nd Gen),AirPods,Unknown,Sky,144
iPhone 15 Pro Max,iPhone,512 GB,Midnight,145
MacBook Pro 16-inch (M3 Pro),Mac,1 TB SSD,Space Gray,146
MacBook Air 13-inch (M2),Mac,1 TB SSD,Gold,147
iPhone 14,iPhone,64 GB,Midnight,148
Apple Pencil (1st Gen),Accessories,Unknown,White,149
iPad (10th Generation),iPad,512 GB,Starlight,150
iMac 24-inch (M3),Mac,2 TB SSD,Space Gray,151
MacBook Pro 16-inch (M3 Pro),Mac,256 GB SSD,Midnight,152
HomePod mini,Accessories,Unknown,Silver,153
iPhone 15,iPhone,256 GB,Deep Purple,154
iPhone 14,iPhone,64 GB,Yellow,155
iPhone 14 Pro,iPhone,1 TB,Yellow,156
iPhone 15 Plus,iPhone,64 GB,Black,157
iPhone 13,iPhone,256 GB,Starlight,158
iPhone 14 Plus,iPhone,128 GB,Starlight,159
iPhone 13 Pro,iPhone,1 TB,Midnight,160
iPhone 15 Pro Max,iPhone,64 GB,Yellow,161
Apple Watch Ultra 2,Apple Watch,Unknown,Titanium,162
Mac mini (M2),Mac,2 TB SSD,Midnight,163
iPad (10th Generation),iPad,1 TB,Starlight,164
iPad Air (M1),iPad,1 TB,Space Gray,165
AirPods Max,AirPods,Unknown,Sky,166
MacBook Pro 16-inch (M3 Pro),Mac,256 GB SSD,Space Gray,167
MacBook Pro 16-inch (M3 Pro),Mac,256 GB SSD,Silver,168
iPhone 14 Pro,iPhone,512 GB,Silver,169
MacBook Pro 14-inch (M3),Mac,2 TB SSD,Gold,170
iPhone SE (3rd Gen),iPhone,64 GB,Deep Purple,171
iPad Mini (6th Gen),iPad,1 TB,Starlight,172
iPhone 13 Mini,iPhone,64 GB,White Titanium,173
iMac 24-inch (M3),Mac,512 GB SSD,Space Gray,174
iPhone 15,iPhone,512 GB,Product Red,175
iPhone 15,iPhone,64 GB,Black Titanium,176
iPhone 13 Mini,iPhone,1 TB,Midnight,177
HomePod (2nd Gen),Accessories,Unknown,Space Gray,178
iPhone 14,iPhone,128 GB,Natural Titanium,179
iPhone 13,iPhone,512 GB,Natural Titanium,180
MacBook Air 13-inch (M2),Mac,1 TB SSD,Midnight,181
MacBook Pro 14-inch (M3),Mac,512 GB SSD,Gold,182
iMac 24-inch (M3),Mac,256 GB SSD,Space Gray,183
Magic Trackpad,Accessories,Unknown,Space Gray,184
iPhone SE (3rd Gen),iPhone,128 GB,Green,185
Apple Pencil (2nd Gen),Accessories,Unknown,Black,186
iPhone 13,iPhone,256 GB,Midnight,187
iPhone 15 Plus,iPhone,64 GB,Starlight,188
AirPods Max,AirPods,Unknown,White,189
iPhone SE (3rd Gen),iPhone,512 GB,Natural Titanium,190
iPhone 15 Plus,iPhone,128 GB,Black,191
iPhone 14,iPhone,1 TB,Green,192
Apple Watch Series 9,Apple Watch,Unknown,Black Titanium,193
MacBook Air 13-inch (M2),Mac,512 GB SSD,Space Gray,194
Apple Watch Series 8,Apple Watch,Unknown,Midnight,195
iPhone 14 Pro Max,iPhone,1 TB,White Titanium,196
iPhone 15 Pro Max,iPhone,256 GB,Starlight,197
iPad (10th Generation),iPad,64 GB,Starlight,198
iPhone 15 Pro,iPhone,256 GB,Yellow,199
iPhone 13 Pro Max,iPhone,1 TB,Natural Titanium,200
iPhone 14 Plus,iPhone,1 TB,Yellow,201
Mac Pro (M2 Ultra),Mac,512 GB SSD,Gold,202
iPad Pro 11-inch (M2),iPad,128 GB,Gold,203
iPad Air (M1),iPad,2 TB,Space Gray,204
iPhone 13 Pro,iPhone,128 GB,Black Titanium,205
iPhone SE (3rd Gen),iPhone,64 GB,Black Titanium,206
iPhone 14 Pro Max,iPhone,64 GB,Yellow,207
iPhone 14 Plus,iPhone,1 TB,Black Titanium,208
Mac mini (M2),Mac,1 TB SSD,Gold,209
iPhone 14 Pro,iPhone,512 GB,Blue Titanium,210
iPad (10th Generation),iPad,256 GB,Space Gray,211
iPhone 15 Pro Max,iPhone,512 GB,Blue Titanium,212
MacBook Pro 16-inch (M3 Pro),Mac,1 TB SSD,Silver,213
iPhone 13,iPhone,64 GB,Silver,214
iPhone 14 Plus,iPhone,128 GB,Midnight,215
Apple Watch SE (2nd Gen),Apple Watch,Unknown,Product Red,216
iPad Pro 12.9-inch (M2),iPad,512 GB,Silver,217
iPhone 14 Pro,iPhone,256 GB,Black,218
iPhone 13,iPhone,64 GB,Blue Titanium,219
iPad Pro 12.9-inch (M2),iPad,64 GB,Starlight,220
iPhone 13 Pro,iPhone,256 GB,Yellow,221
iPhone 15,iPhone,256 GB,Midnight,222
iPad Pro 11-inch (M2),iPad,256 GB,Gold,223
Mac mini (M2),Mac,256 GB SSD,Space Gray,224
MacBook Air 15-inch (M2),Mac,512 GB SSD,Starlight,225
iPhone 14,iPhone,256 GB,Blue Titanium,226
Apple Watch Ultra 2,Apple Watch,Unknown,Black Titanium,227
iPad Pro 12.9-inch (M2),iPad,2 TB,Blue,228
iPhone 13 Mini,iPhone,1 TB,Natural Titanium,229
iPhone 13 Pro Max,iPhone,512 GB,Silver,230
Mac mini (M2),Mac,1 TB SSD,Space Gray,231
iPhone 14 Plus,iPhone,512 GB,Deep Purple,232
iPhone 13 Mini,iPhone,512 GB,Black Titanium,233
iPad Pro 11-inch (M2),iPad,64 GB,Purple,234
Magic Mouse,Accessories,Unknown,White,235
iPhone 14 Plus,iPhone,128 GB,Black Titanium,236
iPhone 15 Plus,iPhone,1 TB,Natural Titanium,237
iPhone SE (3rd Gen),iPhone,1 TB,Midnight,238
iPhone 15 Pro Max,iPhone,128 GB,White Titanium,239
iPhone 13 Pro Max,iPhone,1 TB,Blue Titanium,240
iMac 24-inch (M3),Mac,1 TB SSD,Midnight,241
MacBook Air 15-inch (M2),Mac,256 GB SSD,Starlight,242
iPad (10th Generation),iPad,512 GB,Purple,243
iPad Air (M1),iPad,2 TB,Blue,244
iPhone 15 Pro Max,iPhone,512 GB,Yellow,245
iPhone 15 Plus,iPhone,1 TB,Deep Purple,246
MacBook Air 13-inch (M2),Mac,1 TB SSD,Starlight,247
iPhone 14 Plus,iPhone,1 TB,Starlight,248
iPhone 15 Pro,iPhone,512 GB,Starlight,249
Mac Pro (M2 Ultra),Mac,2 TB SSD,Starlight,250
iPhone 14 Pro Max,iPhone,64 GB,Deep Purple,251
iPhone 15 Pro,iPhone,256 GB,Black,252
AirPods (2nd Gen),AirPods,Unknown,White,253
iPhone 15 Pro Max,iPhone,128 GB,Midnight,254
iPhone 13,iPhone,128 GB,Starlight,255
iPad Pro 11-inch (M2),iPad,512 GB,Silver,256
HomePod (2nd Gen),Accessories,Unknown,Black,257
iMac 24-inch (M3),Mac,1 TB SSD,Gold,258
iPad Air (M1),iPad,512 GB,Starlight,259
Mac mini (M2),Mac,512 GB SSD,Starlight,260
iPhone 14,iPhone,128 GB,Deep Purple,261
Apple Watch SE (2nd Gen),Apple Watch,Unknown,Starlight,262
iPad Mini (6th Gen),iPad,64 GB,Space Gray,263
iPhone 13,iPhone,512 GB,Deep Purple,264
MacBook Pro 14-inch (M3),Mac,512 GB SSD,Starlight,265
iPad (10th Generation),iPad,256 GB,Silver,266
iPad (10th Generation),iPad,64 GB,Blue,267
iPhone 15,iPhone,64 GB,Natural Titanium,268
iPhone 13 Pro Max,iPhone,256 GB,Deep Purple,269
iPad Pro 12.9-inch (M2),iPad,128 GB,Space Gray,270
MacBook Pro 14-inch (M3),Mac,2 TB SSD,Space Gray,271
AirPods Pro (2nd Gen),AirPods,Unknown,Starlight,272
iPhone 14 Pro,iPhone,64 GB,Silver,273
iPhone 15 Plus,iPhone,1 TB,Black,274
iPhone 15 Pro Max,iPhone,64 GB,Starlight,275
AirPods Max,AirPods,Unknown,Starlight,276
iPhone 13 Pro,iPhone,256 GB,Green,277
Apple Watch Series 9,Apple Watch,Unknown,Titanium,278
iPad Mini (6th Gen),iPad,2 TB,Starlight,279
MacBook Air 13-inch (M2),Mac,1 TB SSD,Silver,280
iPhone 13 Mini,iPhone,128 GB,Silver,281
Apple Watch Series 9,Apple Watch,Unknown,Yellow,282
iPhone 13 Pro,iPhone,128 GB,Blue Titanium,283
iPhone 13 Pro Max,iPhone,256 GB,White Titanium,284
iMac 24-inch (M3),Mac,256 GB SSD,Midnight,285
iPhone 14 Pro,iPhone,128 GB,Natural Titanium,286
iPhone 15,iPhone,1 TB,Product Red,287
iPhone 15,iPhone,1 TB,Silver,288
iPhone 13 Pro Max,iPhone,64 GB,Green,289
iPhone 14 Pro Max,iPhone,1 TB,Black Titanium,290
Mac Pro (M2 Ultra),Mac,2 TB SSD,Gold,291
MagSafe Charger,Accessories,Unknown,Silver,292
iMac 24-inch (M3),Mac,2 TB SSD,Silver,293
iPad Air (M1),iPad,1 TB,Silver,294
iPhone 13 Pro Max,iPhone,256 GB,Natural Titanium,295
Mac Pro (M2 Ultra),Mac,1 TB SSD,Starlight,296
iPhone 15,iPhone,256 GB,White Titanium,297
iPad Mini (6th Gen),iPad,512 GB,Space Gray,298
iPhone 14,iPhone,256 GB,Silver,299
MacBook Air 13-inch (M2),Mac,256 GB SSD,Starlight,300
MacBook Pro 14-inch (M3),Mac,1 TB SSD,Midnight,301
iPhone 15 Pro Max,iPhone,1 TB,Deep Purple,302
iPhone 14 Pro Max,iPhone,512 GB,White Titanium,303
MacBook Air 13-inch (M2),Mac,1 TB SSD,Space Gray,304
iPad Air (M1),iPad,128 GB,Purple,305
iPhone SE (3rd Gen),iPhone,128 GB,Yellow,306
iPad Pro 12.9-inch (M2),iPad,64 GB,Purple,307
iPhone 13,iPhone,128 GB,Green,308
MacBook Air 15-inch (M2),Mac,1 TB SSD,Silver,309
iPhone 14 Pro Max,iPhone,1 TB,Midnight,310
iPhone 13 Mini,iPhone,512 GB,Silver,311
iPhone 14 Plus,iPhone,1 TB,White Titanium,312
iPad Pro 12.9-inch (M2),iPad,256 GB,Gold,313
iPhone SE (3rd Gen),iPhone,1 TB,Blue Titanium,314
iPad Pro 12.9-inch (M2),iPad,512 GB,Purple,315
iPhone 14,iPhone,512 GB,Yellow,316
iPad Air (M1),iPad,1 TB,Gold,317
MacBook Pro 14-inch (M3),Mac,2 TB SSD,Silver,318
iPhone 15 Pro Max,iPhone,64 GB,Blue Titanium,319
Mac mini (M2),Mac,2 TB SSD,Starlight,320
iPhone 14 Pro,iPhone,64 GB,Starlight,321
iPad Pro 12.9-inch (M2),iPad,256 GB,Silver,322
Mac mini (M2),Mac,1 TB SSD,Midnight,323
iPhone 14 Pro,iPhone,64 GB,Black,324
iPhone 13,iPhone,128 GB,Black,325
MacBook Pro 16-inch (M3 Pro),Mac,512 GB SSD,Starlight,326
iPhone 13 Pro,iPhone,512 GB,Midnight,327
Mac Pro (M2 Ultra),Mac,1 TB SSD,Space Gray,328
Apple Pencil (2nd Gen),Accessories,Unknown,Space Gray,329
iPad Pro 12.9-inch (M2),iPad,2 TB,Gold,330
MacBook Air 13-inch (M2),Mac,256 GB SSD,Gold,331
iPad Air (M1),iPad,512 GB,Purple,332
iPhone 13 Mini,iPhone,64 GB,Silver,333
Mac Pro (M2 Ultra),Mac,1 TB SSD,Gold,334
iPad Pro 12.9-inch (M2),iPad,128 GB,Purple,335
iMac 24-inch (M3),Mac,512 GB SSD,Silver,336
iPhone 13 Pro,iPhone,1 TB,Starlight,337
iMac 24-inch (M3),Mac,2 TB SSD,Starlight,338
iPad Mini (6th Gen),iPad,512 GB,Gold,339
Apple Watch SE (2nd Gen),Apple Watch,Unknown,Titanium,340
MacBook Air 15-inch (M2),Mac,512 GB SSD,Gold,341
MacBook Pro 16-inch (M3 Pro),Mac,2 TB SSD,Space Gray,342
iPhone 13,iPhone,128 GB,White Titanium,343
iPhone 14,iPhone,64 GB,Product Red,344
MacBook Pro 16-inch (M3 Pro),Mac,2 TB SSD,Silver,345
iPhone 13 Pro,iPhone,1 TB,Black,346
iPhone 15 Pro Max,iPhone,256 GB,Blue Titanium,347
Apple Watch Series 8,Apple Watch,Unknown,Yellow,348
Apple Watch Ultra 2,Apple Watch,Unknown,Yellow,349
Magic Keyboard,Accessories,Unknown,Space Gray,350
iPhone 14,iPhone,256 GB,Green,351
Apple Watch Series 8,Apple Watch,Unknown,Product Red,352
iPad Pro 12.9-inch (M2),iPad,512 GB,Blue,353
MacBook Air 15-inch (M2),Mac,2 TB SSD,Space Gray,354
iPhone SE (3rd Gen),iPhone,512 GB,Starlight,355
iPhone 15 Pro,iPhone,64 GB,Yellow,356
iPhone 14,iPhone,1 TB,Blue Titanium,357
iPhone 13 Mini,iPhone,128 GB,Deep Purple,358
iPad (10th Generation),iPad,256 GB,Purple,359
MacBook Pro 14-inch (M3),Mac,512 GB SSD,Midnight,360
iPhone 15,iPhone,256 GB,Natural Titanium,361
iPad Mini (6th Gen),iPad,512 GB,Blue,362
iPhone 13 Mini,iPhone,512 GB,Midnight,363
MacBook Air 15-inch (M2),Mac,1 TB SSD,Gold,364
Mac mini (M2),Mac,512 GB SSD,Space Gray,365
iPhone 13,iPhone,64 GB,Black Titanium,366
iPad (10th Generation),iPad,1 TB,Purple,367
iPhone 14 Pro Max,iPhone,64 GB,Midnight,368
iPhone 13 Pro,iPhone,64 GB,Green,369
iPad Pro 12.9-inch (M2),iPad,1 TB,Blue,370
iPad (10th Generation),iPad,64 GB,Gold,371
iPad Pro 12.9-inch (M2),iPad,1 TB,Silver,372
iPad Pro 11-inch (M2),iPad,2 TB,Silver,373
iPhone 15 Pro,iPhone,1 TB,Yellow,374
iPhone 15 Plus,iPhone,64 GB,White Titanium,375
iPhone 14,iPhone,512 GB,Green,376
iPad Air (M1),iPad,64 GB,Gold,377
Mac Pro (M2 Ultra),Mac,256 GB SSD,Midnight,378
iPhone 14 Pro Max,iPhone,512 GB,Yellow,379
iPhone 13 Pro Max,iPhone,512 GB,Blue Titanium,380
iPhone 15 Pro Max,iPhone,1 TB,Natural Titanium,381
iPad Air (M1),iPad,256 GB,Silver,382
iPhone 13,iPhone,512 GB,Blue Titanium,383
MacBook Pro 16-inch (M3 Pro),Mac,2 TB SSD,Midnight,384
iPad Mini (6th Gen),iPad,2 TB,Silver,385
iPhone SE (3rd Gen),iPhone,256 GB,White Titanium,386
iPhone 15 Pro,iPhone,128 GB,Natural Titanium,387
iPad Pro 11-inch (M2),iPad,128 GB,Starlight,388
AirPods (3rd Gen),AirPods,Unknown,Midnight,389
iPhone 15 Plus,iPhone,512 GB,Deep Purple,390
iPhone 14,iPhone,256 GB,White Titanium,391
iPhone 13,iPhone,1 TB,Black,392
iPad Air (M1),iPad,2 TB,Purple,393
iPhone 15,iPhone,64 GB,Yellow,394
iPhone 14 Pro,iPhone,512 GB,Green,395
iPhone SE (3rd Gen),iPhone,256 GB,Starlight,396
iPhone 14 Pro,iPhone,128 GB,Midnight,397
iPhone 14 Plus,iPhone,64 GB,Black,398
iPhone 13 Mini,iPhone,128 GB,Blue Titanium,399
iPhone 13 Mini,iPhone,128 GB,Starlight,400
iPad Air (M1),iPad,256 GB,Blue,401
iPhone 15 Pro Max,iPhone,512 GB,Black,402
iPhone 14 Pro Max,iPhone,256 GB,Product Red,403
iPhone 15 Pro,iPhone,512 GB,Deep Purple,404
iPhone 14,iPhone,128 GB,Green,405
iPhone 13 Pro,iPhone,128 GB,Midnight,406
Apple Watch SE (2nd Gen),Apple Watch,Unknown,Midnight,407
iPad (10th Generation),iPad,128 GB,Space Gray,408
iPhone 15,iPhone,64 GB,Midnight,409
iPhone SE (3rd Gen),iPhone,512 GB,Midnight,410
iPhone 14,iPhone,512 GB,White Titanium,411
iPhone 14 Pro,iPhone,1 TB,Green,412
iPhone 15 Pro,iPhone,128 GB,Deep Purple,413
iPhone 13,iPhone,64 GB,Deep Purple,414
iPad (10th Generation),iPad,2 TB,Space Gray,415
iPad Pro 11-inch (M2),iPad,64 GB,Silver,416
MacBook Air 13-inch (M2),Mac,256 GB SSD,Space Gray,417
Apple Watch Series 8,Apple Watch,Unknown,Silver,418
iPhone 15 Pro,iPhone,256 GB,Natural Titanium,419
iPhone 13 Pro Max,iPhone,1 TB,Black,420
iPhone 15 Pro Max,iPhone,256 GB,Green,421
iPhone 15 Plus,iPhone,128 GB,Blue Titanium,422
iPhone 14 Plus,iPhone,64 GB,Silver,423
iPad Mini (6th Gen),iPad,64 GB,Blue,424
iPhone 13 Pro Max,iPhone,1 TB,Starlight,425
iPhone 15 Pro Max,iPhone,64 GB,Deep Purple,426
iPhone SE (3rd Gen),iPhone,256 GB,Product Red,427
iPhone 13 Pro Max,iPhone,256 GB,Black,428
iPhone 15,iPhone,1 TB,Deep Purple,429
iPhone 14 Pro Max,iPhone,512 GB,Green,430
MacBook Air 13-inch (M2),Mac,512 GB SSD,Midnight,431
iPad Mini (6th Gen),iPad,1 TB,Blue,432
iPhone 13 Mini,iPhone,256 GB,Black Titanium,433
iPhone 14 Plus,iPhone,256 GB,Deep Purple,434
iPhone 13,iPhone,128 GB,Blue Titanium,435
iPad Pro 12.9-inch (M2),iPad,2 TB,Space Gray,436
iPhone 15 Pro Max,iPhone,1 TB,Blue Titanium,437
iPhone 14 Plus,iPhone,128 GB,Yellow,438
MacBook Air 15-inch (M2),Mac,256 GB SSD,Midnight,439
USB-C Woven Charge Cable,Accessories,Unknown,White,440
iPhone 13 Pro Max,iPhone,64 GB,Starlight,441
iPhone 13 Mini,iPhone,512 GB,Starlight,442
iPhone 15 Pro Max,iPhone,64 GB,Green,443
iPhone 15 Pro,iPhone,64 GB,Silver,444
iPhone 15 Pro Max,iPhone,256 GB,White Titanium,445
iPhone 13 Pro Max,iPhone,512 GB,Yellow,446
Mac Pro (M2 Ultra),Mac,1 TB SSD,Silver,447
iPad Mini (6th Gen),iPad,64 GB,Purple,448
iPhone 13 Pro,iPhone,256 GB,White Titanium,449
iPad Mini (6th Gen),iPad,2 TB,Space Gray,450
iPad (10th Generation),iPad,2 TB,Starlight,451
iPad Pro 12.9-inch (M2),iPad,64 GB,Silver,452
iMac 24-inch (M3),Mac,1 TB SSD,Space Gray,453
iPad Pro 11-inch (M2),iPad,64 GB,Space Gray,454
iPhone 15 Pro,iPhone,512 GB,Yellow,455
iPhone 13 Pro,iPhone,512 GB,Starlight,456
MacBook Air 13-inch (M2),Mac,256 GB SSD,Silver,457
iPhone 14 Pro,iPhone,256 GB,Midnight,458
iPhone 14 Pro,iPhone,64 GB,Deep Purple,459
iPad Mini (6th Gen),iPad,256 GB,Silver,460
iPhone 15,iPhone,256 GB,Product Red,461
Mac mini (M2),Mac,256 GB SSD,Starlight,462
Mac Pro (M2 Ultra),Mac,2 TB SSD,Silver,463
iPhone 13 Pro Max,iPhone,1 TB,Green,464
iPhone 15 Pro,iPhone,512 GB,Blue Titanium,465
iPhone 14,iPhone,256 GB,Natural Titanium,466
MacBook Air 15-inch (M2),Mac,2 TB SSD,Silver,467
iPad Pro 11-inch (M2),iPad,2 TB,Starlight,468
iPhone SE (3rd Gen),iPhone,64 GB,Green,469
iPad Mini (6th Gen),iPad,128 GB,Silver,470
iPhone SE (3rd Gen),iPhone,1 TB,White Titanium,471
iPad Pro 11-inch (M2),iPad,256 GB,Starlight,472
iPad Pro 11-inch (M2),iPad,512 GB,Purple,473
iPhone 15,iPhone,1 TB,Green,474
iPad Pro 11-inch (M2),iPad,128 GB,Blue,475
iPhone 14 Pro Max,iPhone,512 GB,Midnight,476
MacBook Pro 16-inch (M3 Pro),Mac,512 GB SSD,Gold,477
iPhone 13 Mini,iPhone,256 GB,Starlight,478
iPhone 14,iPhone,512 GB,Natural Titanium,479
iPad (10th Generation),iPad,256 GB,Blue,480
iPhone SE (3rd Gen),iPhone,256 GB,Green,481
iPhone 15 Pro,iPhone,64 GB,Natural Titanium,482
iPhone 13 Pro Max,iPhone,512 GB,Deep Purple,483
iPad Pro 11-inch (M2),iPad,64 GB,Gold,484
iPhone 13 Pro,iPhone,256 GB,Midnight,485
iPhone 14 Plus,iPhone,64 GB,Natural Titanium,486
iPad Mini (6th Gen),iPad,1 TB,Space Gray,487
iMac 24-inch (M3),Mac,512 GB SSD,Starlight,488
iPhone 15 Pro,iPhone,128 GB,Starlight,489
iPhone 13 Pro,iPhone,64 GB,Midnight,490
iPhone 15 Pro,iPhone,256 GB,Silver,491
iMac 24-inch (M3),Mac,512 GB SSD,Midnight,492
iPhone 14 Pro,iPhone,128 GB,Product Red,493
iPad (10th Generation),iPad,2 TB,Blue,494
iPad Pro 12.9-inch (M2),iPad,64 GB,Blue,495
MacBook Pro 14-inch (M3),Mac,256 GB SSD,Silver,496
MacBook Pro 16-inch (M3 Pro),Mac,256 GB SSD,Gold,497
iPhone 13 Pro,iPhone,512 GB,Natural Titanium,498
iMac 24-inch (M3),Mac,512 GB SSD,Gold,499
MacBook Air 15-inch (M2),Mac,2 TB SSD,Starlight,500
iPhone 15 Pro,iPhone,128 GB,Product Red,501
Mac Pro (M2 Ultra),Mac,256 GB SSD,Silver,502
iPhone 14 Pro Max,iPhone,128 GB,Blue Titanium,503
iPhone 13 Pro,iPhone,64 GB,Silver,504
iPad Mini (6th Gen),iPad,64 GB,Gold,505
iPhone 15 Pro,iPhone,128 GB,Green,506
iMac 24-inch (M3),Mac,1 TB SSD,Silver,507
iPad Air (M1),iPad,512 GB,Space Gray,508
Apple Watch Series 9,Apple Watch,Unknown,Midnight,509
iPhone 13 Pro Max,iPhone,512 GB,Starlight,510
MacBook Air 15-inch (M2),Mac,512 GB SSD,Space Gray,511
iPhone 15 Plus,iPhone,256 GB,Midnight,512
iPhone 14 Plus,iPhone,1 TB,Black,513
iPhone 13,iPhone,256 GB,Silver,514
iPhone 14 Plus,iPhone,1 TB,Blue Titanium,515
Apple Watch Series 9,Apple Watch,Unknown,Natural,516
iMac 24-inch (M3),Mac,256 GB SSD,Starlight,517
iPad Pro 11-inch (M2),iPad,1 TB,Starlight,518
iPad Mini (6th Gen),iPad,256 GB,Space Gray,519
iPhone 13 Pro,iPhone,64 GB,Deep Purple,520
MacBook Air 13-inch (M2),Mac,512 GB SSD,Starlight,521
iPhone 15 Plus,iPhone,128 GB,Natural Titanium,522
iPhone 14 Plus,iPhone,128 GB,White Titanium,523
iPhone 15 Plus,iPhone,256 GB,Black Titanium,524
MacBook Pro 16-inch (M3 Pro),Mac,1 TB SSD,Starlight,525
iPad Air (M1),iPad,128 GB,Blue,526
iPhone SE (3rd Gen),iPhone,512 GB,Green,527
iPhone 15 Pro Max,iPhone,64 GB,Natural Titanium,528
iPhone 14 Pro,iPhone,256 GB,Silver,529
Mac Pro (M2 Ultra),Mac,256 GB SSD,Gold,530
iPad Pro 11-inch (M2),iPad,2 TB,Blue,531
iPhone 14 Pro,iPhone,64 GB,Blue Titanium,532
iPad (10th Generation),iPad,128 GB,Starlight,533
MacBook Pro 14-inch (M3),Mac,1 TB SSD,Gold,534
iPhone 14 Pro Max,iPhone,1 TB,Green,535
MacBook Pro 16-inch (M3 Pro),Mac,2 TB SSD,Gold,536
iPhone 13 Pro Max,iPhone,512 GB,Black Titanium,537
iPhone 15 Pro Max,iPhone,512 GB,Silver,538
iPad Pro 12.9-inch (M2),iPad,256 GB,Starlight,539
iPhone 13 Pro,iPhone,512 GB,White Titanium,540
iPhone 15 Pro,iPhone,64 GB,Midnight,541
HomePod mini,Accessories,Unknown,White,542
Mac mini (M2),Mac,256 GB SSD,Gold,543
iPhone 14 Plus,iPhone,512 GB,Midnight,544
iPad (10th Generation),iPad,256 GB,Gold,545
iPhone 15 Pro,iPhone,512 GB,White Titanium,546
iPhone SE (3rd Gen),iPhone,128 GB,Blue Titanium,547
iPhone SE (3rd Gen),iPhone,512 GB,Black,548
iPhone 13 Pro,iPhone,128 GB,Product Red,549
iPhone 15 Pro Max,iPhone,512 GB,White Titanium,550
iPhone 13 Mini,iPhone,1 TB,Product Red,551
iPhone 15 Pro,iPhone,128 GB,Black,552
iPad Air (M1),iPad,512 GB,Gold,553
iPhone 13 Pro,iPhone,512 GB,Black Titanium,554
iPad Pro 12.9-inch (M2),iPad,512 GB,Starlight,555
Mac Pro (M2 Ultra),Mac,256 GB SSD,Starlight,556
iPhone 14 Pro,iPhone,512 GB,Natural Titanium,557
iPad Pro 11-inch (M2),iPad,256 GB,Purple,558
iPhone 13 Mini,iPhone,128 GB,White Titanium,559
iPhone 14,iPhone,64 GB,White Titanium,560
iPhone 13 Pro Max,iPhone,512 GB,Product Red,561
iPhone 13,iPhone,128 GB,Black Titanium,562
iPhone 15,iPhone,64 GB,Product Red,563
iPhone 13,iPhone,512 GB,Starlight,564
iPhone SE (3rd Gen),iPhone,128 GB,Product Red,565
iPhone 13 Pro,iPhone,256 GB,Black Titanium,566
iPhone 15,iPhone,128 GB,Black Titanium,567
iPhone 14,iPhone,256 GB,Deep Purple,568
Mac mini (M2),Mac,2 TB SSD,Space Gray,569
MacBook Air 15-inch (M2),Mac,256 GB SSD,Silver,570
MacBook Pro 14-inch (M3),Mac,2 TB SSD,Starlight,571
Mac mini (M2),Mac,1 TB SSD,Silver,572
iPhone 13,iPhone,128 GB,Silver,573
Mac Pro (M2 Ultra),Mac,256 GB SSD,Space Gray,574
iPad Pro 11-inch (M2),iPad,1 TB,Blue,575
iPad Mini (6th Gen),iPad,128 GB,Space Gray,576
iPhone 14,iPhone,64 GB,Deep Purple,577
iPhone 14 Pro,iPhone,256 GB,Natural Titanium,578
iPhone 13 Mini,iPhone,64 GB,Natural Titanium,579
iPhone 15,iPhone,128 GB,Yellow,580
iPhone 14 Pro Max,iPhone,256 GB,White Titanium,581
MacBook Air 13-inch (M2),Mac,256 GB SSD,Midnight,582
iPhone SE (3rd Gen),iPhone,1 TB,Natural Titanium,583
iPhone 14 Pro,iPhone,512 GB,Black,584
iPhone 13,iPhone,256 GB,White Titanium,585
MacBook Pro 14-inch (M3),Mac,256 GB SSD,Space Gray,586
iPhone 15,iPhone,256 GB,Starlight,587
iPhone 15,iPhone,128 GB,Green,588
iPhone 13 Pro Max,iPhone,1 TB,Silver,589
iPad Mini (6th Gen),iPad,64 GB,Silver,590
Mac Pro (M2 Ultra),Mac,2 TB SSD,Midnight,591
iPhone 14 Pro Max,iPhone,128 GB,Green,592
iPhone 14 Plus,iPhone,1 TB,Midnight,593
Mac Pro (M2 Ultra),Mac,512 GB SSD,Midnight,594
iPhone 15 Pro Max,iPhone,1 TB,Starlight,595
MacBook Pro 14-inch (M3),Mac,2 TB SSD,Midnight,596
MacBook Pro 16-inch (M3 Pro),Mac,512 GB SSD,Space Gray,597
iPhone 13,iPhone,256 GB,Black,598
iMac 24-inch (M3),Mac,2 TB SSD,Midnight,599
iPhone 15 Plus,iPhone,512 GB,Natural Titanium,600
iPhone SE (3rd Gen),iPhone,512 GB,Product Red,601
iPad Air (M1),iPad,512 GB,Blue,602
iPhone 15,iPhone,128 GB,Product Red,603
iPad Air (M1),iPad,2 TB,Starlight,604
MacBook Pro 14-inch (M3),Mac,256 GB SSD,Gold,605
iPhone 13 Pro,iPhone,128 GB,Silver,606
iPhone 14 Plus,iPhone,1 TB,Silver,607
iPhone 15 Plus,iPhone,128 GB,Product Red,608
iPhone 14 Pro,iPhone,256 GB,Deep Purple,609
iPad Air (M1),iPad,256 GB,Gold,610
iPhone 14 Plus,iPhone,1 TB,Deep Purple,611
iPad Mini (6th Gen),iPad,128 GB,Purple,612
iPhone 14 Pro Max,iPhone,64 GB,Starlight,613
iPhone 14 Pro Max,iPhone,64 GB,White Titanium,614
iPhone 14,iPhone,512 GB,Black Titanium,615
iPhone 14,iPhone,512 GB,Blue Titanium,616
iPhone 13 Pro,iPhone,64 GB,Product Red,617
iPhone 13,iPhone,64 GB,Midnight,618
iPhone 13 Pro Max,iPhone,1 TB,Black Titanium,619
MacBook Pro 14-inch (M3),Mac,1 TB SSD,Silver,620
iPhone 14 Pro,iPhone,1 TB,White Titanium,621
iPad Pro 11-inch (M2),iPad,128 GB,Space Gray,622
iPhone 15,iPhone,512 GB,Starlight,623
iPhone 15,iPhone,1 TB,Blue Titanium,624
iPad Pro 11-inch (M2),iPad,256 GB,Silver,625
iPhone 14 Plus,iPhone,256 GB,Natural Titanium,626
iPhone 15 Pro,iPhone,256 GB,White Titanium,627
iPad (10th Generation),iPad,128 GB,Gold,628
iPad Mini (6th Gen),iPad,512 GB,Purple,629
MacBook Air 15-inch (M2),Mac,512 GB SSD,Silver,630
Mac mini (M2),Mac,512 GB SSD,Silver,631
iPhone 13 Mini,iPhone,64 GB,Yellow,632
iPad Mini (6th Gen),iPad,512 GB,Silver,633
iPhone 14 Plus,iPhone,256 GB,Product Red,634
iPhone 13 Pro Max,iPhone,64 GB,Black Titanium,635
iPhone 14,iPhone,256 GB,Starlight,636
iPad Mini (6th Gen),iPad,256 GB,Gold,637
iPhone 15 Plus,iPhone,256 GB,Starlight,638
iPhone SE (3rd Gen),iPhone,128 GB,Starlight,639
iPad Pro 12.9-inch (M2),iPad,128 GB,Blue,640
iPhone 13 Mini,iPhone,256 GB,Yellow,641
iPhone 14,iPhone,64 GB,Blue Titanium,642
iPhone SE (3rd Gen),iPhone,128 GB,Natural Titanium,643
iPhone 14,iPhone,128 GB,Product Red,644
iPhone 14 Pro,iPhone,1 TB,Product Red,645
iPhone 14 Pro Max,iPhone,64 GB,Blue Titanium,646
iPhone 13 Pro,iPhone,64 GB,Yellow,647
iPhone 15 Pro Max,iPhone,64 GB,Black Titanium,648
iPhone 13,iPhone,128 GB,Product Red,649
iPhone 15 Pro,iPhone,1 TB,Product Red,650
iPhone 13 Pro Max,iPhone,512 GB,Natural Titanium,651
iPhone 15,iPhone,256 GB,Yellow,652
iPhone 13 Pro,iPhone,256 GB,Blue Titanium,653
iPhone 13 Pro,iPhone,128 GB,Black,654
iPhone 14 Pro,iPhone,64 GB,Yellow,655
iPhone 14 Pro Max,iPhone,256 GB,Green,656
iPad Pro 11-inch (M2),iPad,512 GB,Starlight,657
iPhone 15 Pro Max,iPhone,1 TB,Green,658
iPad (10th Generation),iPad,1 TB,Silver,659
iPhone 14 Plus,iPhone,64 GB,Starlight,660
iPhone 13 Pro,iPhone,1 TB,Deep Purple,661
iMac 24-inch (M3),Mac,256 GB SSD,Silver,662
iPhone 13 Pro,iPhone,1 TB,Silver,663
iPhone 14 Pro,iPhone,512 GB,Product Red,664
iPhone 14 Pro,iPhone,128 GB,Starlight,665
Mac Pro (M2 Ultra),Mac,2 TB SSD,Space Gray,666
iPhone 14 Plus,iPhone,256 GB,Yellow,667
MacBook Air 15-inch (M2),Mac,256 GB SSD,Gold,668
iPhone 15,iPhone,1 TB,Yellow,669
Mac mini (M2),Mac,512 GB SSD,Midnight,670
iPhone 15 Plus,iPhone,512 GB,Silver,671
iPhone 14,iPhone,128 GB,Starlight,672
iPhone SE (3rd Gen),iPhone,128 GB,Black Titanium,673
MacBook Air 15-inch (M2),Mac,1 TB SSD,Midnight,674
iPad Pro 12.9-inch (M2),iPad,64 GB,Gold,675
iPhone 15 Pro,iPhone,512 GB,Natural Titanium,676
iPhone 15 Pro,iPhone,64 GB,Black Titanium,677
iPad Pro 11-inch (M2),iPad,512 GB,Gold,678
MacBook Air 15-inch (M2),Mac,2 TB SSD,Gold,679
iPad Pro 11-inch (M2),iPad,256 GB,Space Gray,680
iPad Pro 11-inch (M2),iPad,1 TB,Silver,681
iPhone 14,iPhone,1 TB,Yellow,682
MacBook Pro 14-inch (M3),Mac,512 GB SSD,Silver,683
iPad (10th Generation),iPad,512 GB,Silver,684
iPhone 15 Plus,iPhone,256 GB,Yellow,685
iPad Mini (6th Gen),iPad,256 GB,Starlight,686
iPhone 14,iPhone,256 GB,Yellow,687
iPad Pro 11-inch (M2),iPad,512 GB,Blue,688
iPhone 13 Pro Max,iPhone,64 GB,Midnight,689
iPhone 14 Pro,iPhone,256 GB,Blue Titanium,690
iPhone 13,iPhone,256 GB,Natural Titanium,691
iPhone 13 Pro Max,iPhone,512 GB,White Titanium,692
MacBook Air 15-inch (M2),Mac,1 TB SSD,Starlight,693
iPad (10th Generation),iPad,2 TB,Silver,694
iPhone 15 Plus,iPhone,512 GB,Midnight,695
iPad Pro 11-inch (M2),iPad,2 TB,Gold,696
iPhone 15 Pro Max,iPhone,256 GB,Product Red,697
iPhone 15,iPhone,64 GB,White Titanium,698
iPhone 14,iPhone,1 TB,Product Red,699
iPhone 15 Plus,iPhone,256 GB,Black,700
iPhone 15 Pro Max,iPhone,256 GB,Yellow,701
iPhone 13 Mini,iPhone,1 TB,Deep Purple,702
iPhone 13 Pro,iPhone,64 GB,Natural Titanium,703
iPad Air (M1),iPad,64 GB,Blue,704
iPhone 14 Pro Max,iPhone,64 GB,Natural Titanium,705
iPhone 14,iPhone,512 GB,Product Red,706
iPhone 15 Pro,iPhone,1 TB,Green,707
iPhone 13 Mini,iPhone,256 GB,Product Red,708
iPhone 14 Pro Max,iPhone,128 GB,Yellow,709
iPhone 14,iPhone,128 GB,White Titanium,710
iPhone 14 Plus,iPhone,256 GB,Starlight,711
iPhone 13 Pro,iPhone,64 GB,Starlight,712
iPhone 15 Pro Max,iPhone,128 GB,Deep Purple,713
iPhone 13,iPhone,1 TB,Midnight,714
iPhone 13 Pro,iPhone,128 GB,Deep Purple,715
iPhone 14,iPhone,256 GB,Black Titanium,716
iPhone 15,iPhone,256 GB,Black Titanium,717
iPhone SE (3rd Gen),iPhone,256 GB,Yellow,718
iPhone SE (3rd Gen),iPhone,64 GB,Product Red,719
iPhone 15 Pro Max,iPhone,1 TB,Silver,720
iPhone 15 Plus,iPhone,512 GB,Yellow,721
iPhone 15 Plus,iPhone,128 GB,Starlight,722
iPhone 13 Mini,iPhone,128 GB,Black,723
iPad Pro 12.9-inch (M2),iPad,2 TB,Purple,724
iPad Pro 11-inch (M2),iPad,64 GB,Starlight,725
iPhone 13 Mini,iPhone,128 GB,Product Red,726
iPad Air (M1),iPad,512 GB,Silver,727
iPhone 15 Plus,iPhone,1 TB,Yellow,728
iPhone SE (3rd Gen),iPhone,64 GB,Blue Titanium,729
iPhone 13 Mini,iPhone,64 GB,Deep Purple,730
iPhone 14 Pro,iPhone,128 GB,Black Titanium,731
iPhone 13 Mini,iPhone,1 TB,Green,732
iPhone 14,iPhone,512 GB,Midnight,733
iPhone 14 Plus,iPhone,512 GB,Starlight,734
iPhone 13 Pro,iPhone,1 TB,Natural Titanium,735
iPhone 14 Plus,iPhone,64 GB,Product Red,736
iPhone 13,iPhone,256 GB,Product Red,737
iPhone 14 Plus,iPhone,64 GB,Midnight,738
iPhone 15 Pro Max,iPhone,1 TB,Product Red,739
iPhone 15 Pro,iPhone,1 TB,Deep Purple,740
iPhone 15 Pro,iPhone,1 TB,White Titanium,741
iPhone 14 Pro Max,iPhone,256 GB,Starlight,742
iPhone 14 Pro,iPhone,64 GB,Black Titanium,743
iPhone 14,iPhone,1 TB,Black,744
iPhone 13 Mini,iPhone,64 GB,Starlight,745
iPhone 14 Plus,iPhone,512 GB,Yellow,746
iPad Air (M1),iPad,2 TB,Silver,747
iPhone 14 Pro,iPhone,1 TB,Black Titanium,748
iPhone 13 Pro,iPhone,512 GB,Yellow,749
iPad Mini (6th Gen),iPad,128 GB,Blue,750
iPhone 14,iPhone,64 GB,Black Titanium,751
iPhone 15 Pro,iPhone,256 GB,Green,752
iPhone 15 Plus,iPhone,1 TB,Midnight,753
iPhone 13,iPhone,128 GB,Deep Purple,754
iPhone SE (3rd Gen),iPhone,256 GB,Black Titanium,755
iPad Mini (6th Gen),iPad,1 TB,Gold,756
iPhone 14 Pro Max,iPhone,256 GB,Yellow,757
iPhone 14,iPhone,1 TB,Silver,758
iPhone SE (3rd Gen),iPhone,128 GB,Deep Purple,759
iPhone 15 Plus,iPhone,256 GB,Blue Titanium,760
MacBook Air 15-inch (M2),Mac,256 GB SSD,Space Gray,761
iPhone 15 Pro Max,iPhone,128 GB,Green,762
iPhone 13 Pro Max,iPhone,128 GB,Black,763
iPhone 14,iPhone,256 GB,Product Red,764
iPhone 14 Pro Max,iPhone,64 GB,Product Red,765
iPad (10th Generation),iPad,64 GB,Purple,766
iPad Pro 12.9-inch (M2),iPad,1 TB,Gold,767
iPhone 14 Plus,iPhone,64 GB,White Titanium,768
iPhone 15 Pro Max,iPhone,1 TB,Midnight,769
iPhone 13 Mini,iPhone,256 GB,White Titanium,770
iPhone 14 Plus,iPhone,512 GB,Product Red,771
iPhone 13 Mini,iPhone,512 GB,Deep Purple,772
iPhone 13,iPhone,256 GB,Blue Titanium,773
MacBook Air 13-inch (M2),Mac,2 TB SSD,Space Gray,774
iPad Pro 12.9-inch (M2),iPad,1 TB,Space Gray,775
iPhone 13 Pro,iPhone,256 GB,Product Red,776
iPhone 15 Pro,iPhone,256 GB,Product Red,777
Mac mini (M2),Mac,1 TB SSD,Starlight,778
iPhone 15 Pro,iPhone,64 GB,White Titanium,779
iPhone 13 Pro,iPhone,64 GB,Black,780
iPhone 15,iPhone,512 GB,Black,781
iPhone 14 Pro,iPhone,1 TB,Midnight,782
iPhone 13 Pro Max,iPhone,64 GB,Silver,783
iPhone 15 Pro,iPhone,512 GB,Silver,784
iPad Pro 12.9-inch (M2),iPad,2 TB,Starlight,785
iPad Pro 12.9-inch (M2),iPad,1 TB,Purple,786
iPhone 15 Plus,iPhone,64 GB,Blue Titanium,787
iPhone 14 Pro,iPhone,256 GB,Black Titanium,788
iPhone 13 Mini,iPhone,256 GB,Silver,789
iPad Air (M1),iPad,256 GB,Starlight,790
iPhone 13 Mini,iPhone,512 GB,Green,791
iPhone 13 Pro Max,iPhone,128 GB,Blue Titanium,792
iPhone 14 Plus,iPhone,512 GB,Natural Titanium,793
iPhone 13 Pro,iPhone,128 GB,White Titanium,794
iPhone 14,iPhone,128 GB,Yellow,795
iPhone 13,iPhone,1 TB,Starlight,796
iPhone 13 Pro,iPhone,64 GB,White Titanium,797
iPad Pro 12.9-inch (M2),iPad,1 TB,Starlight,798
iPhone 14 Pro,iPhone,64 GB,Midnight,799
iPhone 14,iPhone,256 GB,Midnight,800
iPhone 15 Pro,iPhone,512 GB,Midnight,801
iPhone SE (3rd Gen),iPhone,64 GB,Silver,802
iPhone 13,iPhone,256 GB,Yellow,803
iPad (10th Generation),iPad,1 TB,Blue,804
iPhone 13,iPhone,1 TB,Deep Purple,805
iPhone 13 Mini,iPhone,512 GB,Black,806
iPhone 13,iPhone,512 GB,Black,807
iPhone 14 Plus,iPhone,512 GB,Black,808
iPhone 13,iPhone,512 GB,Green,809
iPhone 14,iPhone,1 TB,Starlight,810
iPhone 13 Mini,iPhone,512 GB,Yellow,811
iPhone 14 Pro Max,iPhone,512 GB,Natural Titanium,812
MacBook Pro 16-inch (M3 Pro),Mac,512 GB SSD,Silver,813
iPhone 14 Pro Max,iPhone,512 GB,Silver,814
iPhone SE (3rd Gen),iPhone,512 GB,Deep Purple,815
iPhone 15,iPhone,128 GB,Black,816
iPhone 13 Mini,iPhone,512 GB,White Titanium,817
iPhone 13,iPhone,64 GB,Green,818
iPhone 14 Pro Max,iPhone,128 GB,Product Red,819
iPhone 14,iPhone,128 GB,Black,820
iPhone 13 Mini,iPhone,64 GB,Black Titanium,821
iPhone 15 Pro,iPhone,128 GB,Blue Titanium,822
iPhone 13 Pro,iPhone,256 GB,Black,823
iPhone 13 Pro Max,iPhone,128 GB,Yellow,824
iPhone 14 Plus,iPhone,64 GB,Blue Titanium,825
iPad Pro 12.9-inch (M2),iPad,64 GB,Space Gray,826
iPhone 14 Pro Max,iPhone,256 GB,Silver,827
iPhone 14,iPhone,64 GB,Silver,828
iPhone 14 Plus,iPhone,512 GB,White Titanium,829
iPhone 15 Pro,iPhone,1 TB,Natural Titanium,830
iPhone 13 Mini,iPhone,512 GB,Product Red,831
iPhone 13,iPhone,1 TB,Blue Titanium,832
iPhone 14 Pro Max,iPhone,128 GB,Natural Titanium,833
iPhone 13 Mini,iPhone,64 GB,Black,834
iPhone 14 Plus,iPhone,128 GB,Deep Purple,835
iPhone 14 Plus,iPhone,128 GB,Natural Titanium,836
iPad (10th Generation),iPad,512 GB,Blue,837
iMac 24-inch (M3),Mac,256 GB SSD,Gold,838
iPhone 14 Pro,iPhone,64 GB,Product Red,839
iPhone 15 Pro Max,iPhone,128 GB,Natural Titanium,840
iPhone 14 Pro,iPhone,128 GB,Blue Titanium,841
iPhone 15 Plus,iPhone,256 GB,Natural Titanium,842
iPhone 13 Mini,iPhone,512 GB,Blue Titanium,843
iPhone 15 Pro,iPhone,256 GB,Black Titanium,844
iPad Mini (6th Gen),iPad,2 TB,Purple,845
iPad (10th Generation),iPad,512 GB,Gold,846
iPhone 14 Pro,iPhone,256 GB,Yellow,847
iPhone 14 Pro Max,iPhone,1 TB,Product Red,848
iPhone 14 Pro,iPhone,512 GB,Deep Purple,849
iPhone 13 Pro Max,iPhone,512 GB,Black,850
iPhone 15 Pro,iPhone,128 GB,White Titanium,851
iPhone SE (3rd Gen),iPhone,1 TB,Product Red,852
iPhone 14 Plus,iPhone,1 TB,Natural Titanium,853
iPhone 15 Plus,iPhone,512 GB,Starlight,854
iPhone 15,iPhone,64 GB,Blue Titanium,855
iPhone 13 Mini,iPhone,1 TB,Silver,856
iPhone 15,iPhone,64 GB,Silver,857
iPhone 13 Pro,iPhone,256 GB,Silver,858
iPad Air (M1),iPad,128 GB,Gold,859
iPhone 13 Pro,iPhone,128 GB,Green,860
iPhone 13 Mini,iPhone,256 GB,Blue Titanium,861
iPhone 15 Pro Max,iPhone,128 GB,Black Titanium,862
iPhone 13,iPhone,512 GB,Midnight,863
iPhone 13 Mini,iPhone,128 GB,Natural Titanium,864
iPhone 13,iPhone,64 GB,White Titanium,865
iPhone 15 Plus,iPhone,256 GB,Product Red,866
iPhone 14,iPhone,128 GB,Silver,867
iPhone 15 Plus,iPhone,128 GB,Silver,868
Mac Pro (M2 Ultra),Mac,512 GB SSD,Space Gray,869
iPhone 15 Plus,iPhone,128 GB,Green,870
Mac mini (M2),Mac,512 GB SSD,Gold,871
iPhone 14,iPhone,1 TB,Natural Titanium,872
iPhone 15 Plus,iPhone,1 TB,Silver,873
iPhone 13 Pro,iPhone,256 GB,Deep Purple,874
iPhone 13 Pro,iPhone,128 GB,Starlight,875
iPhone 15,iPhone,1 TB,Midnight,876
iPad (10th Generation),iPad,128 GB,Blue,877
iPhone 13 Mini,iPhone,64 GB,Green,878
iPhone 15 Pro,iPhone,256 GB,Midnight,879
iPhone 15 Pro Max,iPhone,256 GB,Natural Titanium,880
iPhone 15 Plus,iPhone,1 TB,Blue Titanium,881
iPhone 14 Pro,iPhone,1 TB,Natural Titanium,882
MacBook Air 13-inch (M2),Mac,2 TB SSD,Gold,883
iPhone SE (3rd Gen),iPhone,64 GB,Midnight,884
iPhone 14 Pro Max,iPhone,256 GB,Black,885
iPhone 14 Pro Max,iPhone,512 GB,Deep Purple,886
iPad (10th Generation),iPad,512 GB,Space Gray,887
iPhone SE (3rd Gen),iPhone,1 TB,Silver,888
iPhone 13,iPhone,256 GB,Black Titanium,889
iPad Mini (6th Gen),iPad,256 GB,Blue,890
iPhone 13 Pro Max,iPhone,512 GB,Midnight,891
iPhone 15,iPhone,256 GB,Green,892
MacBook Pro 14-inch (M3),Mac,256 GB SSD,Midnight,893
iPhone SE (3rd Gen),iPhone,512 GB,Yellow,894
iPhone 13 Pro Max,iPhone,256 GB,Starlight,895
iPhone 14,iPhone,64 GB,Starlight,896
iPhone 14 Pro Max,iPhone,64 GB,Green,897
iPhone 13 Pro,iPhone,64 GB,Blue Titanium,898
MacBook Air 15-inch (M2),Mac,2 TB SSD,Midnight,899
iPad Mini (6th Gen),iPad,256 GB,Purple,900
iPhone 15,iPhone,1 TB,Black Titanium,901
iPhone 13 Mini,iPhone,64 GB,Midnight,902
iPhone 15,iPhone,128 GB,Blue Titanium,903
iPhone 14 Pro Max,iPhone,256 GB,Midnight,904
iPhone 15 Pro Max,iPhone,1 TB,Black Titanium,905
iPad Air (M1),iPad,128 GB,Starlight,906
iPhone 15,iPhone,512 GB,Midnight,907
iPhone 15 Pro,iPhone,128 GB,Yellow,908
iPhone 15 Pro,iPhone,512 GB,Black,909
iPhone 13 Pro Max,iPhone,64 GB,Deep Purple,910
iPhone 13 Pro Max,iPhone,128 GB,Starlight,911
iPhone 13 Mini,iPhone,128 GB,Midnight,912
iPhone 14 Plus,iPhone,64 GB,Deep Purple,913
iPhone 15 Plus,iPhone,64 GB,Deep Purple,914
iPhone 14 Pro Max,iPhone,256 GB,Black Titanium,915
iPhone 14 Pro Max,iPhone,64 GB,Black Titanium,916
iPhone 15 Pro Max,iPhone,256 GB,Black Titanium,917
iPhone SE (3rd Gen),iPhone,256 GB,Natural Titanium,918
iPhone 13 Pro Max,iPhone,128 GB,Black Titanium,919
iPhone 13 Pro Max,iPhone,128 GB,Midnight,920
iPhone 13 Pro Max,iPhone,256 GB,Silver,921
iPhone 15 Plus,iPhone,64 GB,Yellow,922
iPhone 15,iPhone,1 TB,Black,923
iPhone SE (3rd Gen),iPhone,1 TB,Black,924
iPhone 14 Pro Max,iPhone,64 GB,Black,925
iPad Air (M1),iPad,1 TB,Starlight,926
iPhone 14 Plus,iPhone,256 GB,White Titanium,927
iPad Mini (6th Gen),iPad,2 TB,Gold,928
iPhone 14 Plus,iPhone,128 GB,Blue Titanium,929
iPad Pro 12.9-inch (M2),iPad,512 GB,Gold,930
iMac 24-inch (M3),Mac,2 TB SSD,Gold,931
iPhone 14 Pro Max,iPhone,256 GB,Deep Purple,932
iPad (10th Generation),iPad,2 TB,Purple,933
iPhone 15 Pro Max,iPhone,256 GB,Silver,934
iPhone 15,iPhone,64 GB,Black,935
iPad Pro 12.9-inch (M2),iPad,128 GB,Starlight,936
iPhone SE (3rd Gen),iPhone,256 GB,Black,937
iPhone 15 Pro,iPhone,1 TB,Black,938
iPhone 15 Plus,iPhone,1 TB,Green,939
iPhone 14 Plus,iPhone,256 GB,Silver,940
iPhone SE (3rd Gen),iPhone,1 TB,Starlight,941
iPhone 15 Pro Max,iPhone,256 GB,Midnight,942
iPhone 13 Pro Max,iPhone,64 GB,Black,943
iPad Mini (6th Gen),iPad,1 TB,Purple,944
iPhone 14 Pro Max,iPhone,512 GB,Starlight,945
iPhone 13,iPhone,512 GB,Silver,946
iPhone 14 Pro Max,iPhone,512 GB,Black,947
iPhone 14 Pro Max,iPhone,64 GB,Silver,948
iPhone SE (3rd Gen),iPhone,512 GB,Black Titanium,949
iPhone 15 Pro,iPhone,128 GB,Black Titanium,950
iPhone 13 Pro Max,iPhone,256 GB,Midnight,951
iPhone 15 Pro Max,iPhone,1 TB,White Titanium,952
iPhone SE (3rd Gen),iPhone,256 GB,Midnight,953
iPhone 13,iPhone,256 GB,Deep Purple,954
iPhone 15,iPhone,512 GB,Blue Titanium,955
iPad Air (M1),iPad,1 TB,Purple,956
iPhone 13 Mini,iPhone,1 TB,White Titanium,957
iPhone SE (3rd Gen),iPhone,128 GB,Black,958
iPhone 15 Pro Max,iPhone,512 GB,Product Red,959
iPhone 13 Pro,iPhone,512 GB,Product Red,960
iPhone 14 Plus,iPhone,512 GB,Blue Titanium,961
iPhone 15,iPhone,512 GB,Deep Purple,962
iPhone 15 Pro Max,iPhone,256 GB,Deep Purple,963
iPhone 13 Pro Max,iPhone,1 TB,Product Red,964
iPhone 14 Pro Max,iPhone,128 GB,White Titanium,965
iPhone 13,iPhone,1 TB,Black Titanium,966
iPhone 13,iPhone,64 GB,Natural Titanium,967
iPhone 13 Pro,iPhone,256 GB,Natural Titanium,968
iPhone 13 Pro Max,iPhone,1 TB,White Titanium,969
iPhone 15 Plus,iPhone,128 GB,Midnight,970
iPhone 15 Plus,iPhone,256 GB,Deep Purple,971
iPad Pro 12.9-inch (M2),iPad,512 GB,Space Gray,972
iPhone 14 Pro,iPhone,64 GB,Green,973
iPhone SE (3rd Gen),iPhone,64 GB,Natural Titanium,974
iPhone 14 Plus,iPhone,64 GB,Yellow,975
iMac 24-inch (M3),Mac,1 TB SSD,Starlight,976
iPhone 13 Pro,iPhone,128 GB,Yellow,977
iPhone 13 Mini,iPhone,128 GB,Yellow,978
iPhone 14,iPhone,1 TB,Black Titanium,979
iPhone 13 Pro,iPhone,512 GB,Black,980
iPad Pro 12.9-inch (M2),iPad,256 GB,Purple,981
iPhone 15 Plus,iPhone,64 GB,Green,982
iPad Pro 11-inch (M2),iPad,2 TB,Purple,983
iPhone 13,iPhone,512 GB,Black Titanium,984
iPhone 13,iPhone,1 TB,Silver,985
iPhone SE (3rd Gen),iPhone,128 GB,Silver,986
iPhone 14 Pro Max,iPhone,1 TB,Natural Titanium,987
iPhone 13 Pro Max,iPhone,128 GB,White Titanium,988
MacBook Pro 14-inch (M3),Mac,256 GB SSD,Starlight,989
iPhone 15 Pro,iPhone,64 GB,Green,990
iPhone 15,iPhone,512 GB,Silver,991
iPhone 14,iPhone,512 GB,Deep Purple,992
iPhone 15,iPhone,256 GB,Blue Titanium,993
iPad Mini (6th Gen),iPad,512 GB,Starlight,994
iPhone 14,iPhone,1 TB,Deep Purple,995
iPhone 15 Plus,iPhone,256 GB,White Titanium,996
iPhone SE (3rd Gen),iPhone,64 GB,Yellow,997
iPhone 13,iPhone,64 GB,Product Red,998
iPhone 13 Pro Max,iPhone,128 GB,Green,999
iPhone 13 Pro,iPhone,512 GB,Blue Titanium,1000
iPhone 13 Pro,iPhone,512 GB,Green,1001
iPhone 13,iPhone,128 GB,Midnight,1002
iPhone 15,iPhone,256 GB,Black,1003
iPhone 14,iPhone,512 GB,Silver,1004
iPhone 13,iPhone,1 TB,White Titanium,1005
iPhone 14,iPhone,128 GB,Blue Titanium,1006
iPhone 13 Pro Max,iPhone,64 GB,Natural Titanium,1007
iPad (10th Generation),iPad,1 TB,Gold,1008
iPad Air (M1),iPad,64 GB,Starlight,1009
iPhone 15,iPhone,512 GB,Yellow,1010
iPhone SE (3rd Gen),iPhone,128 GB,White Titanium,1011
iPhone 14 Pro Max,iPhone,1 TB,Deep Purple,1012
iPhone SE (3rd Gen),iPhone,1 TB,Green,1013
iPhone 13 Pro Max,iPhone,1 TB,Yellow,1014
iPhone 15 Plus,iPhone,128 GB,Yellow,1015
iPhone 14 Plus,iPhone,1 TB,Product Red,1016
iPhone 13 Pro Max,iPhone,256 GB,Yellow,1017
iPhone SE (3rd Gen),iPhone,256 GB,Deep Purple,1018
iPhone 13 Pro Max,iPhone,128 GB,Silver,1019
iPhone 15 Pro,iPhone,128 GB,Midnight,1020
iPhone 13 Pro Max,iPhone,128 GB,Deep Purple,1021
iPhone 15 Plus,iPhone,64 GB,Product Red,1022
iPhone 14 Pro Max,iPhone,512 GB,Product Red,1023
iPad Pro 11-inch (M2),iPad,128 GB,Silver,1024
iPhone 14 Pro,iPhone,128 GB,Green,1025
iPhone 14 Pro,iPhone,512 GB,Black Titanium,1026
iPhone 14,iPhone,1 TB,White Titanium,1027
iPhone 14,iPhone,256 GB,Black,1028
iPhone 15 Pro,iPhone,512 GB,Green,1029
iPhone 15 Pro Max,iPhone,64 GB,Midnight,1030
iPhone 13 Pro,iPhone,512 GB,Silver,1031
iPhone 15,iPhone,128 GB,Midnight,1032
iPhone 13,iPhone,256 GB,Green,1033
iPhone 14,iPhone,64 GB,Green,1034
iPhone 15,iPhone,128 GB,White Titanium,1035
iPad Pro 12.9-inch (M2),iPad,256 GB,Blue,1036
iPhone 14 Pro Max,iPhone,512 GB,Black Titanium,1037
iPhone 15 Pro,iPhone,1 TB,Silver,1038
iPhone 13,iPhone,64 GB,Starlight,1039
iPhone 13,iPhone,512 GB,White Titanium,1040
iPhone 15 Plus,iPhone,128 GB,Deep Purple,1041
iPhone 15 Plus,iPhone,512 GB,Blue Titanium,1042
iPhone 15 Pro Max,iPhone,512 GB,Natural Titanium,1043
iPhone 15 Pro Max,iPhone,64 GB,Silver,1044
iPhone 14 Pro,iPhone,64 GB,White Titanium,1045
iPhone 15 Pro,iPhone,512 GB,Product Red,1046
iPhone 14 Plus,iPhone,128 GB,Silver,1047
iPhone 15 Plus,iPhone,1 TB,Product Red,1048
iPad Air (M1),iPad,64 GB,Purple,1049
iPhone 15 Plus,iPhone,1 TB,White Titanium,1050
iPad Pro 11-inch (M2),iPad,1 TB,Gold,1051
iPhone 15 Plus,iPhone,512 GB,Green,1052
iPhone 14,iPhone,128 GB,Black Titanium,1053
iPhone 14 Pro,iPhone,512 GB,White Titanium,1054
iPhone 14 Pro Max,iPhone,128 GB,Black Titanium,1055
iPhone 15 Pro Max,iPhone,128 GB,Blue Titanium,1056
iPhone 15 Pro Max,iPhone,512 GB,Deep Purple,1057
iPhone 15 Plus,iPhone,512 GB,Black,1058
iPhone 13 Pro Max,iPhone,256 GB,Blue Titanium,1059
iPhone SE (3rd Gen),iPhone,64 GB,White Titanium,1060
iPhone SE (3rd Gen),iPhone,256 GB,Blue Titanium,1061
iPhone 13,iPhone,1 TB,Green,1062
iPhone 15 Pro,iPhone,64 GB,Blue Titanium,1063
iPad (10th Generation),iPad,128 GB,Purple,1064
iPhone 15 Plus,iPhone,64 GB,Silver,1065
iPhone 15,iPhone,64 GB,Deep Purple,1066
iPhone 13 Mini,iPhone,128 GB,Black Titanium,1067
iPhone 14 Pro,iPhone,256 GB,White Titanium,1068
iPhone 14 Pro,iPhone,1 TB,Starlight,1069
iPhone 13 Mini,iPhone,1 TB,Blue Titanium,1070
iPhone 14 Pro,iPhone,256 GB,Starlight,1071
iPhone 14 Pro Max,iPhone,1 TB,Blue Titanium,1072
iPhone 14 Plus,iPhone,64 GB,Black Titanium,1073
iPhone 13 Pro,iPhone,1 TB,Blue Titanium,1074
iPhone 15,iPhone,1 TB,Starlight,1075
iPhone 15,iPhone,64 GB,Starlight,1076
iPhone 14,iPhone,512 GB,Starlight,1077
iPhone 15 Pro,iPhone,256 GB,Deep Purple,1078
iPhone 14,iPhone,512 GB,Black,1079
iPhone 13,iPhone,1 TB,Product Red,1080
iPhone 14 Plus,iPhone,256 GB,Midnight,1081
iPhone 15 Plus,iPhone,512 GB,White Titanium,1082
iPhone 14 Pro,iPhone,512 GB,Yellow,1083
iPhone 13 Mini,iPhone,64 GB,Blue Titanium,1084
iPad (10th Generation),iPad,1 TB,Space Gray,1085
iPhone 15 Plus,iPhone,128 GB,Black Titanium,1086
iPhone 15 Plus,iPhone,64 GB,Natural Titanium,1087
iPhone 14 Plus,iPhone,128 GB,Black,1088
iPhone 15,iPhone,128 GB,Deep Purple,1089
iPhone 13 Pro,iPhone,1 TB,Yellow,1090
iPad Pro 11-inch (M2),iPad,2 TB,Space Gray,1091
iPhone SE (3rd Gen),iPhone,512 GB,Silver,1092
iPhone 14 Pro,iPhone,1 TB,Black,1093
iPhone 15,iPhone,512 GB,White Titanium,1094
iPhone 15,iPhone,512 GB,Natural Titanium,1095
iPhone 13 Mini,iPhone,1 TB,Black,1096
iPhone 14 Plus,iPhone,512 GB,Black Titanium,1097
iPhone 15 Pro Max,iPhone,1 TB,Black,1098
iPhone 13,iPhone,128 GB,Natural Titanium,1099
iPhone 15 Pro Max,iPhone,128 GB,Yellow,1100
iPhone 14 Pro,iPhone,128 GB,Yellow,1101
iPhone 13,iPhone,512 GB,Product Red,1102
iPhone 13 Mini,iPhone,256 GB,Black,1103
iPhone 13 Pro,iPhone,1 TB,Green,1104
iPhone 13 Mini,iPhone,256 GB,Deep Purple,1105
iPhone 14 Plus,iPhone,512 GB,Green,1106
Mac mini (M2),Mac,256 GB SSD,Silver,1107
iPhone 15 Pro Max,iPhone,128 GB,Product Red,1108
iPhone 13 Pro Max,iPhone,64 GB,Yellow,1109
iPhone SE (3rd Gen),iPhone,1 TB,Deep Purple,1110
iPhone 13 Pro,iPhone,64 GB,Black Titanium,1111
iPhone 14 Pro,iPhone,128 GB,Silver,1112
iPhone 15,iPhone,512 GB,Green,1113
iPhone 14 Pro Max,iPhone,128 GB,Black,1114
iPhone 15 Plus,iPhone,1 TB,Starlight,1115
iPhone 14 Pro,iPhone,1 TB,Deep Purple,1116
iPhone 15,iPhone,1 TB,Natural Titanium,1117
iPhone 13 Pro Max,iPhone,512 GB,Green,1118
iPhone 13 Mini,iPhone,128 GB,Green,1119
iPhone 14 Pro Max,iPhone,1 TB,Yellow,1120
iPhone 15,iPhone,128 GB,Starlight,1121
iPhone 13 Pro,iPhone,128 GB,Natural Titanium,1122
iPhone 15 Plus,iPhone,512 GB,Product Red,1123
iPhone 14 Pro,iPhone,512 GB,Midnight,1124
iPhone 15 Pro,iPhone,128 GB,Silver,1125
iPhone 13 Pro,iPhone,1 TB,White Titanium,1126
iPhone SE (3rd Gen),iPhone,64 GB,Black,1127
iPad Pro 11-inch (M2),iPad,256 GB,Blue,1128
iPhone 13,iPhone,64 GB,Yellow,1129
iPhone 14 Pro,iPhone,512 GB,Starlight,1130
iPhone SE (3rd Gen),iPhone,512 GB,White Titanium,1131
iPhone 13 Pro Max,iPhone,1 TB,Deep Purple,1132
iPhone 13 Pro Max,iPhone,64 GB,Product Red,1133
iPhone 14 Pro,iPhone,128 GB,White Titanium,1134
iPhone 15 Pro,iPhone,64 GB,Product Red,1135
iPhone 15 Pro,iPhone,256 GB,Blue Titanium,1136
iPhone 15 Pro Max,iPhone,128 GB,Black,1137
iPhone 13 Pro Max,iPhone,256 GB,Green,1138
iPhone 15 Pro Max,iPhone,128 GB,Starlight,1139
iPhone SE (3rd Gen),iPhone,1 TB,Black Titanium,1140
iPad Mini (6th Gen),iPad,128 GB,Gold,1141
iPhone 13 Mini,iPhone,256 GB,Natural Titanium,1142
iPhone SE (3rd Gen),iPhone,128 GB,Midnight,1143
iPhone 13 Mini,iPhone,256 GB,Midnight,1144
iPhone 14 Plus,iPhone,256 GB,Blue Titanium,1145
iPhone 14 Pro Max,iPhone,128 GB,Midnight,1146
iPhone SE (3rd Gen),iPhone,256 GB,Silver,1147
iPhone 14 Pro,iPhone,256 GB,Green,1148
iPhone 15,iPhone,1 TB,White Titanium,1149
iPhone 13 Pro Max,iPhone,64 GB,White Titanium,1150
iPhone 15 Pro Max,iPhone,512 GB,Black Titanium,1151
iPhone 14 Plus,iPhone,256 GB,Green,1152
iPhone 14 Pro,iPhone,128 GB,Black,1153
iPhone 14 Pro Max,iPhone,1 TB,Silver,1154
iPhone 13,iPhone,512 GB,Yellow,1155
iPhone 14 Plus,iPhone,256 GB,Black,1156
iPhone 14 Pro Max,iPhone,128 GB,Deep Purple,1157
iPhone 14 Pro Max,iPhone,256 GB,Natural Titanium,1158
iPhone 15,iPhone,128 GB,Silver,1159
iPhone 13 Pro Max,iPhone,128 GB,Product Red,1160
iPhone 14 Pro,iPhone,128 GB,Deep Purple,1161
iPhone 13 Pro Max,iPhone,256 GB,Product Red,1162
iPhone 15 Plus,iPhone,1 TB,Black Titanium,1163
iPhone SE (3rd Gen),iPhone,64 GB,Starlight,1164
iPhone 15,iPhone,512 GB,Black Titanium,1165
iPhone 15 Plus,iPhone,128 GB,White Titanium,1166
iPhone 14,iPhone,128 GB,Midnight,1167
iPhone 15,iPhone,128 GB,Natural Titanium,1168
iPhone 13 Pro,iPhone,1 TB,Product Red,1169
iPhone 14 Pro Max,iPhone,1 TB,Black,1170
iPhone 15 Pro,iPhone,512 GB,Black Titanium,1171
iPhone 14 Pro Max,iPhone,512 GB,Blue Titanium,1172
iPhone 14 Pro Max,iPhone,128 GB,Starlight,1173
iPhone 15 Pro,iPhone,256 GB,Starlight,1174
iPhone 15 Plus,iPhone,256 GB,Silver,1175
iPhone 13,iPhone,1 TB,Natural Titanium,1176
iPhone 14 Plus,iPhone,256 GB,Black Titanium,1177
iPhone 14 Plus,iPhone,512 GB,Silver,1178
